"* Required Fields","* Required Fields"
"Comment","Comment"
"Dealer's Kit Request Form","Dealer's Kit Request Form"
"Dealer's Kit Information","Dealer's Kit Information"
"Dealer's Kit","Dealer's Kit"
"Dealer's Kit Form","Dealer's Kit Form"
"Dealer's Kit","Dealer's Kit"
"Dealer's Kit Section","Dealer's Kit Section"
"Email","Email"
"Email Options","Email Options"
"Email Sender","Email Sender"
"Email Template","Email Template"
"Enable Dealer's Kit","Enable Dealer's Kit"
"Name","Name"
"Send Emails To","Send Emails To"
"Submit","Submit"
"Telephone","Telephone"
"Unable to submit your request. Please, try again later","Unable to submit your request. Please, try again later"
"Your inquiry was submitted and will be responded to as soon as possible. Thank you for contacting us.","Your inquiry was submitted and will be responded to as soon as possible. Thank you for contacting us."
